Project_Key,Project_Name,Department,Classification_Method,Baseline_Year,Baseline_Start_Date,Baseline_End_Date,Planned_Duration_Days,Baseline_IPA_RAG,Baseline_WLC_GBPm,Baseline_FY_Cost_GBPm,Latest_Year,Latest_End_Date,Latest_IPA_RAG,N_Years_Observed,Slippage_Days,Delayed,Label_Method
"10,000 additional prison places","10,000 Additional Prison Places",MOJ,Official Category,2021,2020-03-02,2027-03-30,2584.0,Amber/Red,25596.47,8.68,2022,2027-03-30,Amber,2,0.0,0.0,Schedule Slippage (>=2 valid annual observations)
"10,000 additional prison places programme - estate expansions","10,000 Additional Prison Places Programme - Estate Expansions",MOJ,Official Category,2021,2020-03-02,2027-03-30,2584.0,Amber,8003.04,44.87,2022,2025-05-01,Amber,2,-698.0,0.0,Schedule Slippage (>=2 valid annual observations)
10k additional prison places estate expansion category d,10K Additional Prison Places Estate Expansion Category D,MOJ,Official Category,2024,2020-01-24,2029-09-20,3527.0,Red,43.0,152.22,2024,2029-09-20,Red,1,,1.0,"RAG Proxy (single valid observation, no slippage comparison possible)"
10k additional prison places women's estate expansions,10K additional Prison places Women's Estate Expansions,MOJ,Official Category,2023,2020-05-18,,,Amber,43.0,10.85,2023,,Amber,1,,,"Unresolved (no valid End_Date, Amber/Unknown RAG)"
10k additional prison places - new build,10k Additional Prison Places - New Build,MOJ,Official Category,2024,2020-03-02,2032-05-31,4473.0,Amber,43.0,840.85,2024,2032-05-31,Amber,1,,,"Unresolved (single observation, Amber/Unknown RAG)"
10k additional prison places estate expansion houseblocks and refurbishments,10k additional prison places Estate Expansion Houseblocks and Refurbishments,MOJ,Official Category,2024,2019-08-15,2029-08-05,3643.0,Red,43.0,78.1,2024,2029-08-05,Red,1,,1.0,"RAG Proxy (single valid observation, no slippage comparison possible)"
18m+ building remediation programme,18m+ Building Remediation Programme,DLUHC,Official Category,2023,2019-05-09,2031-03-31,4344.0,Amber,4124.0,634.1,2023,2031-03-31,Amber,1,,,"Unresolved (single observation, Amber/Unknown RAG)"
3k prison places,3K Prison Places,MOJ,Official Category,2021,2020-09-28,2024-05-13,1323.0,Amber/Red,12491.43,21.52,2021,2024-05-13,Amber/Red,1,,1.0,"RAG Proxy (single valid observation, no slippage comparison possible)"
5g testbeds & trials,5G Testbeds & Trials,DCMS,Official Category,2018,2017-02-28,2021-03-31,1492.0,Amber/Red,217.05,79.15,2022,2023-03-31,Unknown,3,730.0,1.0,Schedule Slippage (>=2 valid annual observations)
700 mhz clearance programme,700 MHz Clearance Programme,DCMS,Official Category,2018,2015-01-13,2022-01-01,2545.0,Amber,594.92,164.3,2021,2022-01-01,Green,2,0.0,0.0,Schedule Slippage (>=2 valid annual observations)
a12 chelmsford to a120 widening,A12 Chelmsford to A120 Widening,DFT,Official Category,2020,2015-04-01,2028-07-31,4870.0,Unknown,43.0,72.1,2023,2028-07-31,Unknown,4,0.0,0.0,Schedule Slippage (>=2 valid annual observations)
a14 cambridge to huntingdon improvement scheme,A14 Cambridge to Huntingdon Improvement Scheme,DFT,"Keyword Match (pre-2018, no Category field)",2013,2012-09-01,2020-03-12,2749.0,Unknown,1519.318,,2018,2021-09-30,Amber/Green,6,567.0,1.0,Schedule Slippage (>=2 valid annual observations)
a303 amesbury to berwick down,A303 Amesbury to Berwick Down,DFT,"Keyword Match (pre-2018, no Category field)",2016,,2024-06-01,,Red,385.11,8.6,2022,2033-12-31,Amber,4,3500.0,1.0,Schedule Slippage (>=2 valid annual observations)
a303 stonehenge amesbury to berwick down,A303 Stonehenge Amesbury to Berwick Down,DFT,"Keyword Match (pre-2018, no Category field)",2017,2014-12-01,2026-06-01,4200.0,Amber,1901.9,15.6,2017,2026-06-01,Amber,1,,,"Unresolved (single observation, Amber/Unknown RAG)"
a417 air balloon,A417 Air Balloon,DFT,Official Category,2020,2015-04-01,2027-08-31,4535.0,Unknown,535.0,80.6,2024,2027-08-31,Unknown,5,0.0,0.0,Schedule Slippage (>=2 valid annual observations)
a428 black cat to caxton gibbet,A428 Black Cat to Caxton Gibbet,DFT,Official Category,2018,2015-04-01,2025-04-01,3653.0,Amber/Green,809.8,14.3,2022,2027-09-09,Unknown,3,891.0,1.0,Schedule Slippage (>=2 valid annual observations)
a66,A66,DFT,Official Category,2024,2017-07-05,,,Unknown,43.0,85.5,2024,,Unknown,1,,,"Unresolved (no valid End_Date, Amber/Unknown RAG)"
a66 northern trans-pennine,A66 Northern Trans-Pennine,DFT,Official Category,2020,2017-07-05,2030-03-31,4652.0,Unknown,43.0,112.47,2023,2030-03-31,Unknown,4,0.0,0.0,Schedule Slippage (>=2 valid annual observations)
automotive transformation fund (atf),AUTOMOTIVE TRANSFORMATION FUND (ATF),DBT,Official Category,2024,2020-07-31,,,Unknown,671.0,260.0,2024,,Unknown,1,,,"Unresolved (no valid End_Date, Amber/Unknown RAG)"
accelerated houseblocks,Accelerated Houseblocks,MOJ,Official Category,2022,2020-09-28,2024-05-13,1323.0,Amber,12208.0,52.2,2024,2028-07-10,Amber,2,1519.0,1.0,Schedule Slippage (>=2 valid annual observations)
affordable homes programme,Affordable Homes Programme,DLUHC,Official Category,2020,2021-01-03,2029-04-30,3039.0,Unknown,11609.0,2792.17,2023,2029-04-30,Amber,2,0.0,0.0,Schedule Slippage (>=2 valid annual observations)
affordable homes programme (ahp),Affordable Homes Programme (AHP),MHCLG,Official Category,2024,2021-04-01,,,Amber,12337.0,2792.17,2024,,Amber,1,,,"Unresolved (no valid End_Date, Amber/Unknown RAG)"
airport capacity programme,Airport Capacity Programme,DFT,"Keyword Match (pre-2018, no Category field)",2016,2015-07-01,2029-12-31,5297.0,Amber,79.0,14.0,2017,2029-12-31,Amber,2,0.0,0.0,Schedule Slippage (>=2 valid annual observations)
automotive transformation fund,Automotive Transformation Fund,DBT,Official Category,2020,2020-07-31,2025-03-31,1704.0,Unknown,671.0,260.0,2023,2025-03-31,Unknown,2,0.0,0.0,Schedule Slippage (>=2 valid annual observations)
beis_0001_1617-q2,BEIS_0001_1617-Q2,BEIS,Official Category,2019,2015-11-25,2021-03-31,1953.0,Amber,375.9,86.6,2019,2021-03-31,Amber,1,,,"Unresolved (single observation, Amber/Unknown RAG)"
bepps2,BEPPS2,DESNZ,Official Category,2020,2017-11-01,2035-06-30,6450.0,Unknown,727.0,27.7,2024,2035-06-30,Unknown,2,0.0,0.0,Schedule Slippage (>=2 valid annual observations)
bis_0014_1415-q3,BIS_0014_1415-Q3,BEIS,Official Category,2019,2014-05-01,2022-12-31,3166.0,Amber,1403.0,68.0,2019,2022-12-31,Amber,1,,,"Unresolved (single observation, Amber/Unknown RAG)"
birmingham 2022 commonwealth games,Birmingham 2022 Commonwealth Games,DCMS,Official Category,2021,2017-12-21,2023-03-31,1926.0,Amber,886.9,111.81,2022,2023-03-31,Amber,2,0.0,0.0,Schedule Slippage (>=2 valid annual observations)
blythe house programme,Blythe House Programme,DCMS,Official Category,2018,2015-11-25,2023-03-31,2683.0,Amber,338.0,88.75,2023,2024-06-28,Unknown,5,455.0,1.0,Schedule Slippage (>=2 valid annual observations)
boiler upgrade scheme,Boiler Upgrade Scheme,DESNZ,Official Category,2024,2022-04-01,,,Unknown,794.4,160.0,2024,,Unknown,1,,,"Unresolved (no valid End_Date, Amber/Unknown RAG)"
bridgwater barrier,Bridgwater Barrier,DEFRA,Official Category,2021,2014-03-01,2030-12-31,6149.0,Amber/Green,211.08,0.96,2023,2030-12-31,Unknown,3,0.0,0.0,Schedule Slippage (>=2 valid annual observations)
"brighton & sussex university hospitals nhs trust (3ts programme - the development of a leading teaching, trauma and tertiary care centre)","Brighton & Sussex University Hospitals NHS Trust (3Ts Programme - The development of a leading teaching, trauma and tertiary care centre)",DoH,"Keyword Match (pre-2018, no Category field)",2013,2012-01-27,2021-12-24,3619.0,Unknown,500.8,,2014,2021-12-24,Unknown,2,0.0,0.0,Schedule Slippage (>=2 valid annual observations)
brighton mainline upgrade programme,Brighton Mainline Upgrade Programme,DFT,Official Category,2021,2015-06-01,2040-05-01,9101.0,Amber/Red,3995.34,32.0,2021,2040-05-01,Amber/Red,1,,1.0,"RAG Proxy (single valid observation, no slippage comparison possible)"
british museum - energy centre programme (ecp),British Museum - Energy Centre Programme (ECP),DCMS,Official Category,2024,2022-04-01,2029-12-31,2831.0,Unknown,209.0,36.2,2024,2029-12-31,Unknown,1,,,"Unresolved (single observation, Amber/Unknown RAG)"
british museum energy centre programme (ecp),British Museum Energy Centre Programme (ECP),DCMS,Official Category,2020,2022-04-01,2029-12-31,2831.0,Amber,209.0,,2020,2029-12-31,Amber,1,,,"Unresolved (single observation, Amber/Unknown RAG)"
broadband delivery programme,Broadband Delivery Programme,DCMS,"Keyword Match (pre-2018, no Category field)",2013,2010-12-06,2016-12-31,2217.0,Unknown,529.0,,2017,2020-12-31,Amber/Green,5,1461.0,1.0,Schedule Slippage (>=2 valid annual observations)
"brownfield, infrastructure & land (bil)","Brownfield, Infrastructure & Land (BIL)",MHCLG,Official Category,2024,2023-07-24,,,Amber,1497.79,275.58,2024,,Amber,1,,,"Unresolved (no valid End_Date, Amber/Unknown RAG)"
building our future locations programme,Building Our Future Locations Programme,HMRC,"Keyword Match (pre-2018, no Category field)",2016,2016-01-05,2021-04-05,1917.0,Amber/Red,2099.3,310.2,2017,2026-03-31,Amber,2,1821.0,1.0,Schedule Slippage (>=2 valid annual observations)
building safety programme -  non acm remediation,Building Safety Programme -  Non ACM Remediation,MHCLG,Official Category,2021,2020-03-11,2023-03-31,1115.0,Amber/Red,1026.03,387.03,2022,2027-12-31,Red,2,1736.0,1.0,Schedule Slippage (>=2 valid annual observations)
building safety programme acm remediation,Building Safety Programme ACM Remediation,MHCLG,Official Category,2021,2017-06-15,2022-06-30,1841.0,Amber/Green,589.3,170.4,2022,2022-06-30,Green,2,0.0,0.0,Schedule Slippage (>=2 valid annual observations)
building schools for the future (bsf),Building Schools for the Future (BSF),DFE,"Keyword Match (pre-2018, no Category field)",2013,2004-04-01,2017-07-02,4840.0,Unknown,6302.0,,2014,2017-07-02,Unknown,2,0.0,0.0,Schedule Slippage (>=2 valid annual observations)
ccus,CCUS,DESNZ,Official Category,2020,2020-04-01,2030-12-31,3926.0,Unknown,43.0,43.0,2023,2030-12-31,Unknown,3,0.0,0.0,Schedule Slippage (>=2 valid annual observations)
carbon storage research facility (csrf),Carbon Storage Research Facility (CSRF),DSIT,Official Category,2023,2020-09-30,2028-09-30,2922.0,Unknown,315.0,0.8,2023,2028-09-30,Unknown,1,,,"Unresolved (single observation, Amber/Unknown RAG)"
crossrail,Crossrail,DFT,"Keyword Match (pre-2018, no Category field)",2013,2008-07-22,2019-12-31,4179.0,Unknown,14518.98,,2014,2019-12-31,Unknown,2,0.0,0.0,Schedule Slippage (>=2 valid annual observations)
crossrail programme,Crossrail Programme,DFT,"Keyword Match (pre-2018, no Category field)",2015,2008-07-22,2019-12-31,4179.0,Unknown,14768.87,,2023,2023-05-14,Unknown,6,1230.0,1.0,Schedule Slippage (>=2 valid annual observations)
dcms_0008_1516-q4,DCMS_0008_1516-Q4,DCMS,Official Category,2019,2015-04-01,2023-03-31,2921.0,Amber/Green,210.24,77.7,2019,2023-03-31,Amber/Green,1,,0.0,"RAG Proxy (single valid observation, no slippage comparison possible)"
dcms_0009_1516-q4,DCMS_0009_1516-Q4,DCMS,Official Category,2019,2015-01-13,2022-01-01,2545.0,Amber/Green,595.0,156.0,2019,2022-01-01,Amber/Green,1,,0.0,"RAG Proxy (single valid observation, no slippage comparison possible)"
dcms_0010_1718-q3,DCMS_0010_1718-Q3,DCMS,Official Category,2019,2017-04-01,2021-12-01,1705.0,Red,321.1,132.4,2019,2021-12-01,Red,1,,1.0,"RAG Proxy (single valid observation, no slippage comparison possible)"
dcms_0011_1718-q3,DCMS_0011_1718-Q3,DCMS,Official Category,2019,2017-02-28,2021-03-31,1492.0,Amber,232.75,67.4,2019,2021-03-31,Amber,1,,,"Unresolved (single observation, Amber/Unknown RAG)"
dcms_0012_1819-q2,DCMS_0012_1819-Q2,DCMS,Official Category,2019,2017-12-21,2023-03-31,1926.0,Amber/Red,777.92,63.36,2019,2023-03-31,Amber/Red,1,,1.0,"RAG Proxy (single valid observation, no slippage comparison possible)"
dcms_0014_1920-q2,DCMS_0014_1920-Q2,DCMS,Official Category,2019,2019-05-01,2021-05-01,731.0,Red,212.8,79.5,2019,2021-05-01,Red,1,,1.0,"RAG Proxy (single valid observation, no slippage comparison possible)"
decc_0005_1112-q1,DECC_0005_1112-Q1,BEIS,Official Category,2019,2008-06-30,2040-12-31,11872.0,Amber,12743.0,46.52,2019,2040-12-31,Amber,1,,,"Unresolved (single observation, Amber/Unknown RAG)"
decc_0010_1112-q1,DECC_0010_1112-Q1,BEIS,Official Category,2019,2009-12-02,2024-12-31,5508.0,Amber,20136.95,1065.9,2019,2024-12-31,Amber,1,,,"Unresolved (single observation, Amber/Unknown RAG)"
decc_0013_1213-q1,DECC_0013_1213-Q1,BEIS,Official Category,2019,2012-04-03,2019-08-31,2706.0,Amber,2782.0,198.0,2019,2019-08-31,Amber,1,,,"Unresolved (single observation, Amber/Unknown RAG)"
dfe_0006_1415-q3,DFE_0006_1415-Q3,DFE,Official Category,2019,2014-05-01,2025-02-25,3953.0,Amber,2398.5,740.8,2019,2025-02-25,Amber,1,,,"Unresolved (single observation, Amber/Unknown RAG)"
dfid_0001_1112-q1,DFID_0001_1112-Q1,DFID,Official Category,2019,2005-03-15,2026-08-31,7839.0,Amber/Green,445.72,3.9,2019,2026-08-31,Amber/Green,1,,0.0,"RAG Proxy (single valid observation, no slippage comparison possible)"
dft_0001_1112-q1,DFT_0001_1112-Q1,DFT,Official Category,2019,2008-07-22,,,Red,17630.9,1137.7,2019,,Red,1,,1.0,RAG Proxy (no valid End_Date in any year)
dft_0004_1112-q1,DFT_0004_1112-Q1,DFT,Official Category,2019,2009-01-14,2033-12-31,9117.0,Red,55700.0,3732.5,2019,2033-12-31,Red,1,,1.0,"RAG Proxy (single valid observation, no slippage comparison possible)"
dft_0005_1112-q1,DFT_0005_1112-Q1,DFT,Official Category,2019,2005-06-01,2020-06-04,5482.0,Amber,6445.73,38.46,2019,2020-06-04,Amber,1,,,"Unresolved (single observation, Amber/Unknown RAG)"
dft_0016_1112-q1,DFT_0016_1112-Q1,DFT,Official Category,2019,2005-07-01,2026-12-31,7853.0,Amber,7269.4,84.1,2019,2026-12-31,Amber,1,,,"Unresolved (single observation, Amber/Unknown RAG)"
dft_0020_1314-q2,DFT_0020_1314-Q2,DFT,Official Category,2019,2012-09-01,2021-09-30,3316.0,Green,1435.3,401.0,2019,2021-09-30,Green,1,,0.0,"RAG Proxy (single valid observation, no slippage comparison possible)"
dft_0024_1516-q4,DFT_0024_1516-Q4,DFT,Official Category,2019,2014-12-01,2028-06-01,4931.0,Amber,1919.9,39.7,2019,2028-06-01,Amber,1,,,"Unresolved (single observation, Amber/Unknown RAG)"
dft_0025_1617-q1,DFT_0025_1617-Q1,DFT,Official Category,2019,2011-11-30,2024-06-30,4596.0,Red,1091.5,112.1,2019,2024-06-30,Red,1,,1.0,"RAG Proxy (single valid observation, no slippage comparison possible)"
dft_0026_1617-q1,DFT_0026_1617-Q1,DFT,Official Category,2019,2011-12-01,2024-12-31,4779.0,Amber,5007.0,289.0,2019,2024-12-31,Amber,1,,,"Unresolved (single observation, Amber/Unknown RAG)"
dft_0027_1617-q1,DFT_0027_1617-Q1,DFT,Official Category,2019,2011-01-01,2024-12-31,5113.0,Amber,1671.2,299.3,2019,2024-12-31,Amber,1,,,"Unresolved (single observation, Amber/Unknown RAG)"
dft_0028_1617-q1,DFT_0028_1617-Q1,DFT,Official Category,2019,2009-07-23,2022-12-31,4909.0,Amber/Red,5849.0,753.0,2019,2022-12-31,Amber/Red,1,,1.0,"RAG Proxy (single valid observation, no slippage comparison possible)"
dft_0029_1617-q1,DFT_0029_1617-Q1,DFT,Official Category,2019,2012-07-16,2019-12-31,2724.0,Amber/Green,817.7,49.42,2019,2019-12-31,Amber/Green,1,,0.0,"RAG Proxy (single valid observation, no slippage comparison possible)"
dft_0031_1819-q1,DFT_0031_1819-Q1,DFT,Official Category,2019,2015-04-01,2025-04-01,3653.0,Amber/Green,809.98,11.02,2019,2025-04-01,Amber/Green,1,,0.0,"RAG Proxy (single valid observation, no slippage comparison possible)"
dft_0033_1819-q1,DFT_0033_1819-Q1,DFT,Official Category,2019,2014-04-01,2023-12-01,3531.0,Amber,1040.4,208.8,2019,2023-12-01,Amber,1,,,"Unresolved (single observation, Amber/Unknown RAG)"
dft_0034_1920-q2,DFT_0034_1920-Q2,DFT,Official Category,2019,2015-04-01,2028-05-01,4779.0,Amber,1145.37,12.98,2019,2028-05-01,Amber,1,,,"Unresolved (single observation, Amber/Unknown RAG)"
dh_0017_1112-q1,DH_0017_1112-Q1,DHSC,Official Category,2019,2013-06-28,2025-06-30,4385.0,Amber/Red,2656.32,311.25,2019,2025-06-30,Amber/Red,1,,1.0,"RAG Proxy (single valid observation, no slippage comparison possible)"
defence estate optimisation,Defence Estate Optimisation,MOD,"Keyword Match (pre-2018, no Category field)",2017,2016-09-30,2041-03-31,8948.0,Amber/Red,0.0,0.0,2017,2041-03-31,Amber/Red,1,,1.0,"RAG Proxy (single valid observation, no slippage comparison possible)"
defence information infrastructure,Defence Information Infrastructure,MOD,"Keyword Match (pre-2018, no Category field)",2013,2001-09-03,2015-03-21,4947.0,Unknown,7349.97,,2014,2015-03-21,Unknown,2,0.0,0.0,Schedule Slippage (>=2 valid annual observations)
defence infrastructure transformation programme,Defence Infrastructure Transformation Programme,MOD,"Keyword Match (pre-2018, no Category field)",2013,2011-01-03,2015-03-31,1548.0,Unknown,125.71,,2013,2015-03-31,Unknown,1,,,"Unresolved (single observation, Amber/Unknown RAG)"
dft_0022_1415-q4,DfT_0022_1415-Q4,DFT,Official Category,2019,2014-05-30,2028-07-31,5176.0,Amber,6052.2,165.0,2019,2028-07-31,Amber,1,,,"Unresolved (single observation, Amber/Unknown RAG)"
dft_0023_1516-q3,DfT_0023_1516-Q3,DFT,Official Category,2019,2015-07-01,2050-12-31,12967.0,Amber,32607.78,9.38,2019,2050-12-31,Amber,1,,,"Unresolved (single observation, Amber/Unknown RAG)"
digital railway,Digital Railway,DFT,Official Category,2018,2016-11-23,2023-04-01,2320.0,Amber,450.0,32.0,2018,2023-04-01,Amber,1,,,"Unresolved (single observation, Amber/Unknown RAG)"
e&n herts nhs trust - lift scheme - new qeii hospital in welwyn garden city,E&N Herts NHS Trust - LIFT scheme - new QEII hospital in Welwyn Garden City,DoH,"Keyword Match (pre-2018, no Category field)",2013,2011-03-23,2014-04-01,1105.0,Unknown,67.44,,2013,2014-04-01,Unknown,1,,,"Unresolved (single observation, Amber/Unknown RAG)"
e&n herts nhs trust - lister hospital ('our changing hospitals' phase 4 programme),E&N Herts NHS Trust - Lister Hospital ('Our Changing Hospitals' Phase 4 Programme),DoH,"Keyword Match (pre-2018, no Category field)",2013,2011-08-04,2014-03-17,956.0,Unknown,212.03,,2014,2014-03-17,Unknown,2,0.0,0.0,Schedule Slippage (>=2 valid annual observations)
east west rail connection state 1,EAST WEST RAIL CONNECTION STATE 1,DFT,Official Category,2024,2011-11-30,2025-09-01,5024.0,Unknown,1353.0,124.82,2024,2025-09-01,Unknown,1,,,"Unresolved (single observation, Amber/Unknown RAG)"
east west rail connection state 2 and 3,EAST WEST RAIL CONNECTION STATE 2 AND 3,DFT,Official Category,2024,2014-08-01,2030-10-09,5913.0,Amber,3970.0,175.29,2024,2030-10-09,Amber,1,,,"Unresolved (single observation, Amber/Unknown RAG)"
east coast cluster anchor (ecc),East Coast Cluster Anchor (ECC),DESNZ,Official Category,2024,,,,Unknown,43.0,43.0,2024,,Unknown,1,,,"Unresolved (no valid End_Date, Amber/Unknown RAG)"
east coast digital programme,East Coast Digital Programme,DFT,Official Category,2020,2017-05-01,2030-10-14,4914.0,Unknown,3477.0,352.34,2024,2030-10-14,Amber,5,0.0,0.0,Schedule Slippage (>=2 valid annual observations)
east coast mainline programme,East Coast Mainline Programme,DFT,Official Category,2018,2014-04-01,2023-12-01,3531.0,Amber/Green,1040.37,141.2,2024,2026-06-02,Unknown,6,914.0,1.0,Schedule Slippage (>=2 valid annual observations)
east west rail configuration state 1,East West Rail Configuration State 1,DFT,Official Category,2020,2011-11-30,2025-09-01,5024.0,Amber,1353.0,124.82,2023,2025-09-01,Amber,4,0.0,0.0,Schedule Slippage (>=2 valid annual observations)
east west rail connection stage 2 & 3,East West Rail Connection Stage 2 & 3,DFT,Official Category,2020,2014-08-01,2030-10-09,5913.0,Unknown,3970.0,175.29,2023,2030-10-09,Unknown,2,0.0,0.0,Schedule Slippage (>=2 valid annual observations)
east west rail programme (western section),East West Rail Programme (Western Section),DFT,"Keyword Match (pre-2018, no Category field)",2016,2012-10-31,2024-03-31,4169.0,Amber/Red,1592.0,72.5,2018,2024-06-30,Amber,3,91.0,1.0,Schedule Slippage (>=2 valid annual observations)
ely area capacity enhancements programme,Ely Area Capacity Enhancements Programme,DFT,Official Category,2021,2015-01-01,2032-06-01,6361.0,Amber,1017.94,7.78,2021,2032-06-01,Amber,1,,,"Unresolved (single observation, Amber/Unknown RAG)"
emergency services mobile communications programme (esmcp),Emergency Services Mobile Communications Programme (ESMCP),HO,Official Category,2018,2011-06-01,2020-12-31,3501.0,Amber/Red,5058.63,773.87,2023,2026-12-31,Red,5,2191.0,1.0,Schedule Slippage (>=2 valid annual observations)
fco_0011_1718-q3,FCO_0011_1718-Q3,FCO,Official Category,2019,2017-01-01,2022-12-12,2171.0,Amber,118.7,8.0,2019,2022-12-12,Amber,1,,,"Unresolved (single observation, Amber/Unknown RAG)"
fe capital transformation,FE Capital Transformation,DFE,Official Category,2020,2020-04-01,2026-03-31,2190.0,Amber,43.0,0.0,2024,2026-03-31,Unknown,5,0.0,0.0,Schedule Slippage (>=2 valid annual observations)
flood and coastal erosion risk management,FLOOD AND COASTAL EROSION RISK MANAGEMENT,DEFRA,Official Category,2024,2020-04-01,2026-03-31,2190.0,Amber,4613.0,1022.0,2024,2026-03-31,Amber,1,,,"Unresolved (single observation, Amber/Unknown RAG)"
flood and coastal erosion risk management 6-year capital programme,Flood and Coastal Erosion Risk Management 6-year Capital Programme,DEFRA,Official Category,2020,2020-04-01,2027-03-31,2555.0,Amber,5664.0,854.0,2020,2027-03-31,Amber,1,,,"Unresolved (single observation, Amber/Unknown RAG)"
freeports,Freeports,DLUHC,Official Category,2020,2019-02-08,2027-12-31,3248.0,Amber,229.0,38.04,2024,2027-12-31,Amber,4,0.0,0.0,Schedule Slippage (>=2 valid annual observations)
further electrification of midland main line (mml3),Further Electrification of Midland Main Line (MML3),DFT,Official Category,2020,2022-01-21,2032-12-31,3997.0,Amber,1468.0,108.0,2023,2030-12-31,Amber,3,-731.0,0.0,Schedule Slippage (>=2 valid annual observations)
future defence infrastucture services (fdis),Future Defence Infrastucture Services (FDIS),MOD,Official Category,2022,2016-06-07,2023-05-31,2549.0,Unknown,43.0,43.0,2022,2023-05-31,Unknown,1,,,"Unresolved (single observation, Amber/Unknown RAG)"
geological disposal facility,GEOLOGICAL DISPOSAL FACILITY,DESNZ,Official Category,2024,2008-06-30,2050-03-31,15249.0,Red,20300.0,83.33,2024,2050-03-31,Red,1,,1.0,"RAG Proxy (single valid observation, no slippage comparison possible)"
great british nuclear,GREAT BRITISH NUCLEAR,DESNZ,Official Category,2020,2023-07-01,2029-12-21,2365.0,Unknown,43.0,43.0,2020,2029-12-21,Unknown,1,,,"Unresolved (single observation, Amber/Unknown RAG)"
geological disposal facility programme (gdf),Geological Disposal Facility Programme (GDF),DECC,"Keyword Match (pre-2018, no Category field)",2013,2008-06-30,2040-12-31,11872.0,Unknown,11626.4,,2023,2050-03-31,Amber,10,3377.0,1.0,Schedule Slippage (>=2 valid annual observations)
glen parva new build prison,Glen Parva New Build Prison,MOJ,Official Category,2021,2019-01-31,2023-11-05,1739.0,Amber/Green,6775.73,91.42,2023,2023-11-05,Amber,3,0.0,0.0,Schedule Slippage (>=2 valid annual observations)
great western route modernisation,Great Western Route Modernisation,DFT,Official Category,2018,2011-12-01,2024-12-31,4779.0,Amber/Red,5001.0,655.0,2018,2024-12-31,Amber/Red,1,,1.0,"RAG Proxy (single valid observation, no slippage comparison possible)"
great western route modernisation (gwrm) including electrification,Great Western Route Modernisation (GWRM) including electrification,DFT,Official Category,2021,2011-12-01,2024-12-31,4779.0,Green,5153.0,176.4,2021,2024-12-31,Green,1,,0.0,"RAG Proxy (single valid observation, no slippage comparison possible)"
green heat network fund,Green Heat Network Fund,DESNZ,Official Category,2020,2022-03-07,2028-06-30,2307.0,Unknown,43.0,94.0,2023,2025-03-30,Unknown,2,-1188.0,0.0,Schedule Slippage (>=2 valid annual observations)
grenfell site and programme,Grenfell Site and Programme,DLUHC,Official Category,2020,2019-07-15,2030-01-31,3853.0,Unknown,290.0,22.31,2024,2031-03-31,Unknown,5,424.0,1.0,Schedule Slippage (>=2 valid annual observations)
hmp five wells new prison,HMP Five Wells New Prison,MOJ,Official Category,2022,2018-08-17,2022-07-31,1444.0,Green,5536.0,34.7,2022,2022-07-31,Green,1,,0.0,"RAG Proxy (single valid observation, no slippage comparison possible)"
ho_0016_1213-q1,HO_0016_1213-Q1,HO,Official Category,2019,2011-06-01,2022-12-31,4231.0,Amber/Red,9521.92,817.0,2019,2022-12-31,Amber/Red,1,,1.0,"RAG Proxy (single valid observation, no slippage comparison possible)"
hs2 phase i,HS2 PHASE I,DFT,Official Category,2024,2009-01-14,,,Red,,4488.4,2024,,Red,1,,1.0,RAG Proxy (no valid End_Date in any year)
hs2 phase 1,HS2 Phase 1,DFT,Official Category,2022,2009-01-14,2030-06-30,7837.0,Amber,40295.0,5060.1,2022,2030-06-30,Amber,1,,,"Unresolved (single observation, Amber/Unknown RAG)"
hs2 phase 2a,HS2 Phase 2a,DFT,Official Category,2022,2014-03-17,,,Green,22.0,363.9,2023,,Red,2,,1.0,RAG Proxy (no valid End_Date in any year)
hs2 phase 2b,HS2 Phase 2b,DFT,Official Category,2021,2016-11-27,2040-12-31,8800.0,Red,0.0,0.0,2021,2040-12-31,Red,1,,1.0,"RAG Proxy (single valid observation, no slippage comparison possible)"
hs2 phase 2b western leg,HS2 Phase 2b Western Leg,DFT,Official Category,2022,2016-11-27,,,Amber,22.0,216.8,2023,,Amber,2,,,"Unresolved (no valid End_Date, Amber/Unknown RAG)"
hs2 phase1,HS2 Phase1,DFT,Official Category,2021,2009-01-14,2029-11-30,7625.0,Amber/Red,40295.0,3498.0,2021,2029-11-30,Amber/Red,1,,1.0,"RAG Proxy (single valid observation, no slippage comparison possible)"
hs2 phase2a,HS2 Phase2a,DFT,Official Category,2021,2014-03-17,2027-12-31,5037.0,Amber,0.0,0.0,2021,2027-12-31,Amber,1,,,"Unresolved (single observation, Amber/Unknown RAG)"
heat networks investment project,Heat Networks Investment Project,BEIS,Official Category,2018,2015-11-25,2021-03-31,1953.0,Amber,371.8,10.4,2022,2022-03-31,Unknown,3,365.0,1.0,Schedule Slippage (>=2 valid annual observations)
heathrow expansion programme,Heathrow Expansion Programme,DFT,Official Category,2018,2015-07-01,2029-12-31,5297.0,Amber,22732.9,14.7,2018,2029-12-31,Amber,1,,,"Unresolved (single observation, Amber/Unknown RAG)"
high speed rail programme,High Speed Rail Programme,DFT,"Keyword Match (pre-2018, no Category field)",2013,2011-02-28,2033-12-31,8342.0,Unknown,42600.0,,2014,2033-12-31,Unknown,2,0.0,0.0,Schedule Slippage (>=2 valid annual observations)
high speed rail programme (hs2),High Speed Rail Programme (HS2),DFT,"Keyword Match (pre-2018, no Category field)",2015,2011-02-28,2033-12-31,8342.0,Unknown,42559.51,,2018,2033-12-31,Amber/Red,4,0.0,0.0,Schedule Slippage (>=2 valid annual observations)
household energy efficiency,Household Energy Efficiency,DECC,"Keyword Match (pre-2018, no Category field)",2014,2014-04-30,2015-05-31,396.0,Unknown,4723.61,,2014,2015-05-31,Unknown,1,,,"Unresolved (single observation, Amber/Unknown RAG)"
housing infrastructure fund,Housing Infrastructure Fund,DLUHC,Official Category,2020,2016-12-30,2028-03-31,4109.0,Amber,4257.0,499.4,2024,2028-03-31,Amber,5,0.0,0.0,Schedule Slippage (>=2 valid annual observations)
hynet anchor,HyNet Anchor,DESNZ,Official Category,2024,,,,Unknown,43.0,43.0,2024,,Unknown,1,,,"Unresolved (no valid End_Date, Amber/Unknown RAG)"
hydrogen allocation round 1 (har1),Hydrogen Allocation Round 1 (HAR1),DESNZ,Official Category,2020,2022-07-20,2042-06-30,7285.0,Unknown,2366.0,15.5,2024,2042-06-30,Unknown,2,0.0,0.0,Schedule Slippage (>=2 valid annual observations)
it infrastructure sourcing programme,IT Infrastructure Sourcing Programme,DHSC,"Keyword Match (pre-2018, no Category field)",2017,2013-12-01,2019-06-30,2037.0,Amber/Red,126.71,20.8,2017,2019-06-30,Amber/Red,1,,1.0,"RAG Proxy (single valid observation, no slippage comparison possible)"
immigration removal centre (irc) expansion programme,Immigration Removal Centre (IRC) Expansion Programme,HO,Official Category,2024,,,,Unknown,43.0,43.0,2024,,Unknown,1,,,"Unresolved (no valid End_Date, Amber/Unknown RAG)"
industrial decarbonisation & hydrogen revenue support,Industrial Decarbonisation & Hydrogen Revenue Support,DESNZ,Official Category,2023,2021-01-01,2050-12-30,10955.0,Amber,43.0,43.0,2023,2050-12-30,Amber,1,,,"Unresolved (single observation, Amber/Unknown RAG)"
intercity express programme,Intercity Express Programme,DFT,Official Category,2018,2005-06-01,2020-02-06,5363.0,Amber/Red,6583.25,120.1,2018,2020-02-06,Amber/Red,1,,1.0,"RAG Proxy (single valid observation, no slippage comparison possible)"
leeds phase 2 flood scheme,Leeds Phase 2 Flood Scheme,DEFRA,Official Category,2021,2016-09-01,2024-10-18,2969.0,Amber,146.37,24.83,2023,2024-10-18,Unknown,3,0.0,0.0,Schedule Slippage (>=2 valid annual observations)
levelling up fund,Levelling Up Fund,DLUHC,Official Category,2020,2021-03-03,2026-03-31,1854.0,Unknown,4800.0,1064.0,2024,2028-03-31,Unknown,4,731.0,1.0,Schedule Slippage (>=2 valid annual observations)
levelling up home building fund,Levelling Up Home Building Fund,DLUHC,Official Category,2020,2020-11-25,2031-03-31,3778.0,Unknown,2206.0,507.0,2024,2032-03-31,Unknown,3,366.0,1.0,Schedule Slippage (>=2 valid annual observations)
local full fibre networks,Local Full Fibre Networks,DCMS,Official Category,2018,2017-04-01,2021-12-01,1705.0,Amber/Green,318.7,50.7,2022,2021-12-31,Unknown,3,30.0,1.0,Schedule Slippage (>=2 valid annual observations)
low cost nuclear programme (rolls royce smrs challenge),Low Cost Nuclear Programme (Rolls Royce SMRs Challenge),DESNZ,Official Category,2020,2021-05-01,2025-03-31,1430.0,Unknown,468.0,200.0,2024,2025-03-31,Unknown,4,0.0,0.0,Schedule Slippage (>=2 valid annual observations)
lower thames crossing,Lower Thames Crossing,DFT,"Keyword Match (pre-2018, no Category field)",2017,2014-05-30,2028-07-31,5176.0,Amber/Red,4648.8,49.9,2024,2034-04-20,Amber,7,2089.0,1.0,Schedule Slippage (>=2 valid annual observations)
lower thames crossing feasibility,Lower Thames Crossing Feasibility,DFT,"Keyword Match (pre-2018, no Category field)",2015,2014-05-30,2026-12-31,4598.0,Unknown,199.1,,2016,2026-12-31,Amber/Red,2,0.0,0.0,Schedule Slippage (>=2 valid annual observations)
m20 lorry area,M20 Lorry Area,DFT,"Keyword Match (pre-2018, no Category field)",2016,2015-11-25,2018-01-20,787.0,Red,250.0,230.0,2018,2023-07-01,Amber,3,1988.0,1.0,Schedule Slippage (>=2 valid annual observations)
moderna strategic partnership programme,MODERNA STRATEGIC PARTNERSHIP PROGRAMME,DHSC,Official Category,2024,2022-12-22,,,Amber,43.0,43.0,2024,,Amber,1,,,"Unresolved (no valid End_Date, Amber/Unknown RAG)"
magnox & rsrl pbo competition,Magnox & RSRL PBO Competition,BEIS,Official Category,2018,2012-04-03,2019-08-31,2706.0,Amber,2782.0,490.0,2018,2019-08-31,Amber,1,,,"Unresolved (single observation, Amber/Unknown RAG)"
midland main line electrification (mmle) programme,Midland Main Line Electrification (MMLE) Programme,DFT,Official Category,2024,2022-01-21,2032-12-31,3997.0,Unknown,1468.0,41.0,2024,2032-12-31,Unknown,1,,,"Unresolved (single observation, Amber/Unknown RAG)"
midland main line programme,Midland Main Line Programme,DFT,Official Category,2018,2011-01-01,2024-12-31,5113.0,Amber,1671.2,501.9,2023,2024-12-31,Unknown,5,0.0,0.0,Schedule Slippage (>=2 valid annual observations)
midlands rail hub,Midlands Rail Hub,DFT,Official Category,2020,2017-04-01,2040-12-31,8675.0,Amber,1569.0,7.3,2024,2040-12-31,Unknown,5,0.0,0.0,Schedule Slippage (>=2 valid annual observations)
moj_0043_1920-q2,MoJ_0043_1920-Q2,MOJ,Official Category,2019,2019-01-31,2023-11-05,1739.0,Amber,6104.77,16.03,2019,2023-11-05,Amber,1,,,"Unresolved (single observation, Amber/Unknown RAG)"
moj_0045_1920-q2,MoJ_0045_1920-Q2,MOJ,Official Category,2019,2018-08-17,2022-06-14,1397.0,Amber,6316.01,189.64,2019,2022-06-14,Amber,1,,,"Unresolved (single observation, Amber/Unknown RAG)"
mobile infrastructure project,Mobile Infrastructure Project,DCMS,"Keyword Match (pre-2018, no Category field)",2013,2011-10-01,2015-03-31,1277.0,Unknown,155.0,,2015,2016-03-31,Unknown,3,366.0,1.0,Schedule Slippage (>=2 valid annual observations)
new nuclear project (sizewell c),NEW NUCLEAR PROJECT (SIZEWELL C),DESNZ,Official Category,2024,,,,Unknown,43.0,43.0,2024,,Unknown,1,,,"Unresolved (no valid End_Date, Amber/Unknown RAG)"
no2 programme,NO2 Programme,DEFRA,Official Category,2020,2016-01-01,2027-12-31,4382.0,Unknown,883.0,43.5,2024,2027-12-31,Unknown,4,0.0,0.0,Schedule Slippage (>=2 valid annual observations)
no2 reduction,NO2 Reduction,DEFRA & DFT,Official Category,2021,2016-01-01,2027-12-31,4382.0,Unknown,880.0,289.0,2021,2027-12-31,Unknown,1,,,"Unresolved (single observation, Amber/Unknown RAG)"
northern powerhouse rail,NORTHERN POWERHOUSE RAIL,DFT,Official Category,2024,2016-06-01,2045-12-29,10803.0,Red,30600.0,131.61,2024,2045-12-29,Red,1,,1.0,"RAG Proxy (single valid observation, no slippage comparison possible)"
nzhf,NZHF,DESNZ,Official Category,2020,2020-11-18,2025-03-31,1594.0,Amber,242.0,87.28,2023,2025-03-31,Unknown,3,0.0,0.0,Schedule Slippage (>=2 valid annual observations)
national biosecurity centre (weybridge),National Biosecurity Centre (Weybridge),DEFRA,Official Category,2024,2021-04-01,2036-09-30,5661.0,Amber,2750.0,74.9,2024,2036-09-30,Amber,1,,,"Unresolved (single observation, Amber/Unknown RAG)"
natural history museum unlocked,Natural History Museum Unlocked,DCMS,Official Category,2020,2019-05-15,2031-09-30,4521.0,Amber,228.0,5.71,2024,2031-09-30,Unknown,3,0.0,0.0,Schedule Slippage (>=2 valid annual observations)
natural history museum at harwell,Natural History Museum at Harwell,DCMS,Official Category,2021,2019-05-15,2026-12-30,2786.0,Amber,181.76,1.54,2022,2026-12-30,Unknown,2,0.0,0.0,Schedule Slippage (>=2 valid annual observations)
nature for climate fund,Nature for Climate Fund,DEFRA,Official Category,2020,2020-04-01,2025-03-31,1825.0,Red,928.0,265.11,2023,2025-03-31,Red,4,0.0,0.0,Schedule Slippage (>=2 valid annual observations)
new beijing embassy and residence,New Beijing Embassy and Residence,FCDO,Official Category,2021,2017-12-01,2025-12-01,2922.0,Amber/Red,180.35,3.9,2021,2025-12-01,Amber/Red,1,,1.0,"RAG Proxy (single valid observation, no slippage comparison possible)"
new hospital programme,New Hospital Programme,DHSC,Official Category,2020,2021-01-01,2030-12-31,3651.0,Red,3690.0,870.0,2024,2046-04-05,Amber,4,5574.0,1.0,Schedule Slippage (>=2 valid annual observations)
new nuclear programme,New Nuclear Programme,DECC,"Keyword Match (pre-2018, no Category field)",2013,2008-01-31,2019-03-31,4077.0,Unknown,31.292,,2013,2019-03-31,Unknown,1,,,"Unresolved (single observation, Amber/Unknown RAG)"
new polar research vessel,New Polar Research Vessel,BEIS,Official Category,2018,2014-05-01,2022-12-31,3166.0,Amber,1403.0,113.0,2023,2022-12-31,Unknown,4,0.0,0.0,Schedule Slippage (>=2 valid annual observations)
new prison -wales,New Prison -Wales,MOJ,"Keyword Match (pre-2018, no Category field)",2013,2013-01-10,2018-05-31,1967.0,Unknown,252.3,,2013,2018-05-31,Unknown,1,,,"Unresolved (single observation, Amber/Unknown RAG)"
new wales prison,New Wales Prison,MOJ,"Keyword Match (pre-2018, no Category field)",2014,2013-01-10,2018-03-31,1906.0,Unknown,208.04,,2014,2018-03-31,Unknown,1,,,"Unresolved (single observation, Amber/Unknown RAG)"
north tees & hartlepool foundation trust - new hospital development,North Tees & Hartlepool Foundation Trust - New Hospital Development,DoH,"Keyword Match (pre-2018, no Category field)",2014,2013-04-01,2017-06-30,1551.0,Unknown,975.83,,2014,2017-06-30,Unknown,1,,,"Unresolved (single observation, Amber/Unknown RAG)"
north wales prison (nwp ) programme,North Wales Prison (NWP ) Programme,MOJ,"Keyword Match (pre-2018, no Category field)",2015,2013-01-10,2018-03-31,1906.0,Unknown,2541.0,,2016,2018-05-31,Amber,2,61.0,1.0,Schedule Slippage (>=2 valid annual observations)
north of england programme,North of England Programme,DFT,Official Category,2018,2009-07-23,2022-12-31,4909.0,Amber,6052.0,285.0,2018,2022-12-31,Amber,1,,,"Unresolved (single observation, Amber/Unknown RAG)"
northern powerhouse rail (npr),Northern Powerhouse Rail (NPR),DFT,Official Category,2020,2016-06-01,2045-12-29,10803.0,Amber,30600.0,35.89,2023,2045-01-01,Amber,2,-362.0,0.0,Schedule Slippage (>=2 valid annual observations)
nuclear warhead capability sustainment programme,Nuclear Warhead Capability Sustainment Programme,MOD,"Keyword Match (pre-2018, no Category field)",2013,2008-04-01,2025-04-30,6238.0,Unknown,21883.89,,2017,2025-04-30,Unknown,5,0.0,0.0,Schedule Slippage (>=2 valid annual observations)
open networks programme,Open Networks Programme,DSIT,Official Category,2020,2021-09-01,2025-03-31,1307.0,Unknown,325.0,96.1,2024,2025-03-31,Unknown,3,0.0,0.0,Schedule Slippage (>=2 valid annual observations)
oxford flood alleviation scheme,Oxford Flood Alleviation Scheme,DEFRA,Official Category,2021,2014-04-02,2030-01-09,5761.0,Amber,204.83,2.94,2023,2030-01-09,Unknown,3,0.0,0.0,Schedule Slippage (>=2 valid annual observations)
phe science hub,PHE Science Hub,DHSC,Official Category,2018,2013-06-28,2024-12-31,4204.0,Amber,2656.32,204.79,2023,2034-10-20,Red,4,3580.0,1.0,Schedule Slippage (>=2 valid annual observations)
public sector decarbonisation scheme,PUBLIC SECTOR DECARBONISATION SCHEME,DESNZ,Official Category,2024,2020-07-08,2028-03-31,2823.0,Unknown,3836.29,433.8,2024,2028-03-31,Unknown,1,,,"Unresolved (single observation, Amber/Unknown RAG)"
papworth foundation trust - new papworth hospital,Papworth Foundation Trust - New Papworth Hospital,DoH,"Keyword Match (pre-2018, no Category field)",2014,2003-12-01,2017-11-01,5084.0,Unknown,697.5,,2014,2017-11-01,Unknown,1,,,"Unresolved (single observation, Amber/Unknown RAG)"
periodic review 2013 (rail investment strategy - hlos & sofa),Periodic Review 2013 (Rail Investment Strategy - HLOS & SOFA),DFT,"Keyword Match (pre-2018, no Category field)",2013,2011-08-31,2012-07-31,335.0,Unknown,16840.61,,2015,2012-07-31,Unknown,3,0.0,0.0,Schedule Slippage (>=2 valid annual observations)
pevensey and eastbourne coastal management scheme,Pevensey and Eastbourne Coastal Management Scheme,DEFRA,Official Category,2023,2020-06-29,2030-03-29,3560.0,Unknown,142.0,1.13,2023,2030-03-29,Unknown,1,,,"Unresolved (single observation, Amber/Unknown RAG)"
priority school building programme,Priority School Building Programme,DFE,"Keyword Match (pre-2018, no Category field)",2013,2011-07-19,2017-12-31,2357.0,Unknown,3889.76,,2013,2017-12-31,Unknown,1,,,"Unresolved (single observation, Amber/Unknown RAG)"
priority school building programme (psbp),Priority School Building Programme (PSBP),DFE,"Keyword Match (pre-2018, no Category field)",2016,2011-07-19,2075-12-31,23541.0,Amber,4403.01,745.07,2016,2075-12-31,Amber,1,,,"Unresolved (single observation, Amber/Unknown RAG)"
priority school building programme - capital,Priority School Building Programme - Capital,DFE,"Keyword Match (pre-2018, no Category field)",2014,2011-07-19,2019-01-01,2723.0,Unknown,2023.34,,2014,2019-01-01,Unknown,1,,,"Unresolved (single observation, Amber/Unknown RAG)"
priority school building programme - private finance,Priority School Building Programme - Private Finance,DFE,"Keyword Match (pre-2018, no Category field)",2014,2011-07-19,2017-07-31,2204.0,Unknown,,,2016,2043-07-01,Amber/Green,3,9466.0,1.0,Schedule Slippage (>=2 valid annual observations)
priority school building programme 1,Priority School Building Programme 1,DFE,"Keyword Match (pre-2018, no Category field)",2017,2011-07-19,2021-09-19,3715.0,Amber/Green,2313.79,381.85,2017,2021-09-19,Amber/Green,1,,0.0,"RAG Proxy (single valid observation, no slippage comparison possible)"
priority school building programme 1 (psbp1) - capital,Priority School Building Programme 1 (PSBP1) - Capital,DFE,"Keyword Match (pre-2018, no Category field)",2015,2011-07-19,2019-01-01,2723.0,Unknown,2023.3,,2015,2019-01-01,Unknown,1,,,"Unresolved (single observation, Amber/Unknown RAG)"
priority school building programme 2,Priority School Building Programme 2,DFE,"Keyword Match (pre-2018, no Category field)",2015,2014-05-01,2021-03-31,2526.0,Unknown,1580.79,,2022,2025-02-25,Unknown,5,1427.0,1.0,Schedule Slippage (>=2 valid annual observations)
prison competitions phase 2,Prison Competitions Phase 2,MOJ,"Keyword Match (pre-2018, no Category field)",2013,2011-07-13,2014-01-31,933.0,Unknown,786.6930689,,2014,2014-01-31,Unknown,2,0.0,0.0,Schedule Slippage (>=2 valid annual observations)
prison estate transformation programme (petp),Prison Estate Transformation Programme (PETP),MOJ,"Keyword Match (pre-2018, no Category field)",2016,2016-04-01,2021-12-31,2100.0,Amber,0.0,0.0,2018,2026-05-07,Amber/Red,3,1588.0,1.0,Schedule Slippage (>=2 valid annual observations)
prison unit cost programme,Prison Unit Cost Programme,MOJ,"Keyword Match (pre-2018, no Category field)",2013,2012-11-20,2016-12-01,1472.0,Unknown,212.0,,2014,2016-12-01,Unknown,2,0.0,0.0,Schedule Slippage (>=2 valid annual observations)
prison unit cost programme (pucp),Prison Unit Cost Programme (PUCP),MOJ,"Keyword Match (pre-2018, no Category field)",2015,2012-11-20,2016-12-01,1472.0,Unknown,119.5,,2015,2016-12-01,Unknown,1,,,"Unresolved (single observation, Amber/Unknown RAG)"
project gigabit,Project Gigabit,DSIT,Official Category,2020,2021-04-01,2030-12-31,3561.0,Amber,5404.0,423.3,2024,2030-12-31,Unknown,4,0.0,0.0,Schedule Slippage (>=2 valid annual observations)
public sector decarbonisation scheme (psds),Public Sector Decarbonisation Scheme (PSDS),DESNZ,Official Category,2020,2020-07-08,2025-03-31,1727.0,Amber,2565.0,461.04,2023,2025-03-31,Amber,4,0.0,0.0,Schedule Slippage (>=2 valid annual observations)
redevelopment euston conventional station (recs),REDEVELOPMENT EUSTON CONVENTIONAL STATION (RECS),DFT,Official Category,2024,,,,Unknown,35.0,12.89,2024,,Unknown,1,,,"Unresolved (no valid End_Date, Amber/Unknown RAG)"
rail franchising programme,Rail Franchising Programme,DFT,"Keyword Match (pre-2018, no Category field)",2014,2013-03-26,2022-12-31,3567.0,Unknown,134.2,,2017,2019-12-01,Amber/Red,4,-1126.0,0.0,Schedule Slippage (>=2 valid annual observations)
rapid charging fund,Rapid Charging Fund,DFT,Official Category,2020,2020-11-25,2028-04-30,2713.0,Amber,35.0,223.9,2024,2028-04-30,Unknown,4,0.0,0.0,Schedule Slippage (>=2 valid annual observations)
rapid deployment cells project,Rapid Deployment Cells Project,MOJ,Official Category,2022,2020-08-17,2024-03-01,1292.0,Unknown,244.0,5.0,2024,2028-02-28,Amber,2,1459.0,1.0,Schedule Slippage (>=2 valid annual observations)
remediation portfolio,Remediation Portfolio,DLUHC,Official Category,2020,2023-06-26,2036-03-31,4662.0,Amber,9915.0,732.0,2024,2036-03-31,Amber,2,0.0,0.0,Schedule Slippage (>=2 valid annual observations)
replacement analytical project,Replacement Analytical Project,DESNZ,Official Category,2020,2016-09-26,2028-07-10,4305.0,Red,735.0,127.57,2024,2032-10-30,Red,5,1573.0,1.0,Schedule Slippage (>=2 valid annual observations)
river thames scheme,River Thames Scheme,DEFRA,Official Category,2021,2017-04-12,2029-04-12,4383.0,Amber/Green,308.48,4.51,2023,2030-04-01,Unknown,3,354.0,1.0,Schedule Slippage (>=2 valid annual observations)
royal liverpool & broadgreen ('world class hospitals; world class services - renewing the royal liverpool university hospital'),Royal Liverpool & Broadgreen ('World Class Hospitals; World Class Services - Renewing the Royal Liverpool University Hospital'),DoH,"Keyword Match (pre-2018, no Category field)",2013,2010-06-01,2016-11-01,2345.0,Unknown,837.0,,2014,2016-11-01,Unknown,2,0.0,0.0,Schedule Slippage (>=2 valid annual observations)
royal national orthopaedic hospital (rnoh) nhs trust pfi project,Royal National Orthopaedic Hospital (RNOH) NHS Trust PFI Project,DoH,"Keyword Match (pre-2018, no Category field)",2013,2011-01-15,2016-11-28,2144.0,Unknown,208.79,,2014,2016-11-28,Unknown,2,0.0,0.0,Schedule Slippage (>=2 valid annual observations)
rural gigabit connectivity programme,Rural Gigabit Connectivity Programme,DCMS,Official Category,2021,2019-05-01,2021-05-01,731.0,Amber/Green,75.9,38.5,2021,2021-05-01,Amber/Green,1,,0.0,"RAG Proxy (single valid observation, no slippage comparison possible)"
sellafield product and residue store retreatment plant project,SELLAFIELD PRODUCT AND RESIDUE STORE RETREATMENT PLANT PROJECT,DESNZ,Official Category,2024,2012-03-01,2030-04-01,6605.0,Unknown,1471.12,256.87,2024,2030-04-01,Unknown,1,,,"Unresolved (single observation, Amber/Unknown RAG)"
sixep continuity plant,SIXEP Continuity Plant,DESNZ,Official Category,2020,2013-05-25,2031-01-23,6452.0,Unknown,1076.0,142.16,2024,2031-01-23,Unknown,5,0.0,0.0,Schedule Slippage (>=2 valid annual observations)
sandwell and west birmingham hospitals nhs trust - the midland metropolitan hospital project,Sandwell and West Birmingham Hospitals NHS Trust - The Midland Metropolitan Hospital Project,DoH,"Keyword Match (pre-2018, no Category field)",2013,2008-10-01,2019-04-01,3834.0,Unknown,1116.0,,2014,2018-10-15,Unknown,2,-168.0,0.0,Schedule Slippage (>=2 valid annual observations)
school rebuilding programme,School Rebuilding Programme,DFE,Official Category,2020,2020-11-01,2036-03-31,5629.0,Amber,,0.0,2021,2033-03-31,Amber,2,-1096.0,0.0,Schedule Slippage (>=2 valid annual observations)
science capability in animal health programme,Science Capability in Animal Health Programme,DEFRA,Official Category,2020,2021-04-01,2036-09-30,5661.0,Amber,2820.0,79.62,2023,2036-09-30,Amber,4,0.0,0.0,Schedule Slippage (>=2 valid annual observations)
sellafield product and residue store retreatment plant,Sellafield Product and Residue Store Retreatment Plant,DESNZ,Official Category,2020,2012-03-01,2029-10-09,6431.0,Green,1433.0,239.15,2023,2029-10-09,Unknown,4,0.0,0.0,Schedule Slippage (>=2 valid annual observations)
shared rural network,Shared Rural Network,DSIT,Official Category,2020,2020-03-11,2040-03-11,7305.0,Unknown,512.0,62.4,2024,2040-03-11,Amber,4,0.0,0.0,Schedule Slippage (>=2 valid annual observations)
sizewell c,Sizewell C,BEIS,Official Category,2022,2021-01-01,2023-04-21,840.0,Unknown,43.0,43.0,2022,2023-04-21,Unknown,1,,,"Unresolved (single observation, Amber/Unknown RAG)"
small secure houseblocks,Small Secure Houseblocks,MOJ,Official Category,2024,2021-11-15,2027-12-16,2222.0,Red,43.0,146.86,2024,2027-12-16,Red,1,,1.0,"RAG Proxy (single valid observation, no slippage comparison possible)"
smart metering implementation programme,Smart Metering Implementation Programme,BEIS,Official Category,2018,2009-12-02,2020-12-31,4047.0,Amber/Red,17215.78,1060.97,2024,2030-12-31,Amber,6,3652.0,1.0,Schedule Slippage (>=2 valid annual observations)
social housing decarbonisation fund,Social Housing Decarbonisation Fund,DESNZ,Official Category,2020,2020-09-09,2030-03-31,3490.0,Amber,4558.0,320.04,2024,2028-10-01,Amber,5,-546.0,0.0,Schedule Slippage (>=2 valid annual observations)
south west route capacity,South West Route Capacity,DFT,Official Category,2018,2012-07-16,2019-12-31,2724.0,Amber/Green,820.2,178.22,2021,2021-08-31,Green,2,609.0,1.0,Schedule Slippage (>=2 valid annual observations)
space based pnt programme,Space Based PNT Programme,BEIS,Official Category,2021,2020-10-01,2030-06-30,3559.0,Amber,26.8,11.4,2021,2030-06-30,Amber,1,,,"Unresolved (single observation, Amber/Unknown RAG)"
spherical tokamak for energy production,Spherical Tokamak for Energy Production,DESNZ,Official Category,2020,2018-07-16,2045-04-01,9756.0,Amber,238.0,51.84,2023,2024-03-31,Amber,2,-7671.0,0.0,Schedule Slippage (>=2 valid annual observations)
st helena airport,St Helena Airport,DFID,"Keyword Match (pre-2018, no Category field)",2013,2005-03-15,2026-08-31,7839.0,Unknown,445.11,,2021,2026-08-31,Amber/Green,7,0.0,0.0,Schedule Slippage (>=2 valid annual observations)
submarine waterfront infrastructure future,Submarine Waterfront Infrastructure Future,MOD,Official Category,2020,2016-12-31,2027-10-31,3956.0,Unknown,1428.0,330.0,2023,2027-10-31,Unknown,3,0.0,0.0,Schedule Slippage (>=2 valid annual observations)
"tokyo new build, remodelling and refurbishment","TOKYO NEW BUILD, REMODELLING AND REFURBISHMENT",FCDO,Official Category,2024,2022-06-01,2031-12-01,3470.0,Unknown,101.0,4.0,2024,2031-12-01,Unknown,1,,,"Unresolved (single observation, Amber/Unknown RAG)"
thames estuary asset management programme (team2100),Thames Estuary Asset Management Programme (TEAM2100),DEFRA,"Keyword Match (pre-2018, no Category field)",2015,2010-04-01,2025-12-31,5753.0,Unknown,318.42,,2016,2025-12-31,Green,2,0.0,0.0,Schedule Slippage (>=2 valid annual observations)
thames estuary programme phase 1 (tep1),Thames Estuary Programme Phase 1 (TEP1),DEFRA,"Keyword Match (pre-2018, no Category field)",2013,2010-04-01,2025-12-31,5753.0,Unknown,318.74,,2014,2025-12-31,Unknown,2,0.0,0.0,Schedule Slippage (>=2 valid annual observations)
thames tideway tunnel,Thames Tideway Tunnel,DEFRA,"Keyword Match (pre-2018, no Category field)",2013,2010-09-07,2023-03-31,4588.0,Unknown,4217.88,,2016,2023-12-31,Amber/Green,4,275.0,1.0,Schedule Slippage (>=2 valid annual observations)
thameslink programme,Thameslink Programme,DFT,Official Category,2018,2005-07-01,2026-12-31,7853.0,Amber,7269.4,2178.7,2021,2026-12-31,Amber,2,0.0,0.0,Schedule Slippage (>=2 valid annual observations)
tokyo compound,Tokyo Compound,FCDO,Official Category,2020,2022-06-01,2031-12-01,3470.0,Unknown,100.0,,2020,2031-12-01,Unknown,1,,,"Unresolved (single observation, Amber/Unknown RAG)"
towns fund,Towns Fund,DLUHC,Official Category,2020,2018-12-01,2026-03-30,2676.0,Unknown,3106.0,761.76,2023,2026-03-30,Unknown,3,0.0,0.0,Schedule Slippage (>=2 valid annual observations)
transpennine route upgrade,Transpennine Route Upgrade,DFT,Official Category,2020,2017-07-01,2041-10-17,8874.0,Amber,11104.0,647.56,2024,2041-10-17,Amber,5,0.0,0.0,Schedule Slippage (>=2 valid annual observations)
uk gigabit programme,UK Gigabit Programme,DCMS,Official Category,2021,2021-04-01,2030-12-31,3561.0,Amber/Red,5035.24,15.24,2021,2030-12-31,Amber/Red,1,,1.0,"RAG Proxy (single valid observation, no slippage comparison possible)"
uk holocaust memorial & learning centre programme,UK Holocaust Memorial & Learning Centre Programme,MHCLG,Official Category,2021,2015-01-27,,,Unknown,43.0,9.46,2021,,Unknown,1,,,"Unresolved (no valid End_Date, Amber/Unknown RAG)"
uk holocaust memorial and learning centre,UK Holocaust Memorial and Learning Centre,DLUHC,Official Category,2020,2015-01-27,2029-01-31,5118.0,Unknown,138.0,8.0,2020,2029-01-31,Unknown,1,,,"Unresolved (single observation, Amber/Unknown RAG)"
urban broadband fund - super-connected city initiative,Urban Broadband Fund - Super-Connected City Initiative,DCMS,"Keyword Match (pre-2018, no Category field)",2013,2012-12-05,2015-03-31,846.0,Unknown,150.0,,2014,2016-03-31,Unknown,2,366.0,1.0,Schedule Slippage (>=2 valid annual observations)
washington embassy refurbishment,Washington Embassy Refurbishment,FCO,Official Category,2018,2017-01-01,2022-12-12,2171.0,Amber,63.7,8.7,2023,2023-08-01,Unknown,5,232.0,1.0,Schedule Slippage (>=2 valid annual observations)
wellingborough new build prison,Wellingborough New Build Prison,MOJ,Official Category,2021,2018-08-17,2022-06-14,1397.0,Amber,5536.36,134.38,2021,2022-06-14,Amber,1,,,"Unresolved (single observation, Amber/Unknown RAG)"
western rail link to heathrow,Western Rail Link to Heathrow,DFT,Official Category,2021,,,,Unknown,,,2021,,Unknown,1,,,"Unresolved (no valid End_Date, Amber/Unknown RAG)"
youth investment fund,Youth Investment Fund,DCMS,Official Category,2020,2022-04-01,2025-03-31,1095.0,Amber,310.0,,2024,2026-03-31,Amber,3,365.0,1.0,Schedule Slippage (>=2 valid annual observations)
